Country,Data source,Sector,Gas,Unit,2014,2013,2012,2011,2010,2009,2008,2007,2006,2005,2004,2003,2002,2001,2000,1999,1998,1997,1996,1995,1994,1993,1992,1991,1990
World,CAIT,Total including LUCF,All GHG,MtCO₂e,48892.37,48257.3,47583.61,47025.97,45760.96,44091.45,44206.56,43822.88,42805.12,42504.58,41392.31,39805.41,38771.61,37585.68,36855.49,36212.69,36299.09,36626.68,35376.05,34922.08,34231.54,34051.21,33927.96,34008.49,33823.47
China,CAIT,Total including LUCF,All GHG,MtCO₂e,11600.63,11420.44,10938.67,10701.13,9712.78,8919.7,8359.26,8176.56,7537.67,6927.72,6183.03,5386.45,4711.7,4383.49,4159.8,3972.81,4038.55,3931.79,3900.32,3884.03,3498.95,3344.47,3117.42,2980.93,2833.49
United States,CAIT,Total including LUCF,All GHG,MtCO₂e,6319.02,6213.27,6132.14,6305.16,6115.68,5893.98,6253.79,6531.52,6330.06,6429.55,6448.38,6326.07,6236.44,6308.91,6394.64,6222.57,6178.27,6160.3,6013.18,5863.02,5805.98,5725.24,5598.11,5514.88,5550.04
India,CAIT,Total including LUCF,All GHG,MtCO₂e,3202.31,3031.34,2956.22,2821.64,2469.0,2363.59,2183.33,2083.95,1942.63,1805.11,1718.79,1621.51,1576.17,1545.64,1633.09,1594.49,1516.44,1485.84,1429.29,1375.25,1311.29,1263.72,1230.04,1197.94,1142.43
Indonesia,CAIT,Total including LUCF,All GHG,MtCO₂e,2471.64,2160.98,2156.54,2135.19,1994.78,2285.21,1968.89,1974.67,2399.72,1748.6,1875.85,1691.76,1935.23,1583.66,1315.44,1393.4,1498.99,2259.06,1308.49,1435.23,1401.19,1386.03,1371.11,1352.78,1336.74
Russia,CAIT,Total including LUCF,All GHG,MtCO₂e,2030.14,2076.02,2185.23,2143.4,2056.75,1990.67,2274.33,2035.24,2045.27,2146.98,2119.62,2284.3,2140.49,2106.08,2261.95,2217.35,2238.98,2182.39,2367.76,2388.86,2478.94,2732.52,2953.75,3167.24,3227.3
Brazil,CAIT,Total including LUCF,All GHG,MtCO₂e,1357.18,1317.22,1306.77,1252.95,1483.81,1377.6,1394.02,1404.58,1352.8,1939.66,1915.83,1876.7,1862.77,1837.95,1603.08,1601.85,1595.55,1564.61,1534.88,1527.67,1502.24,1485.83,1476.23,1465.84,1447.65
Japan,CAIT,Total including LUCF,All GHG,MtCO₂e,1322.05,1361.1,1335.73,1288.61,1083.31,1033.41,1098.66,1187.75,1145.18,1264.3,1259.63,1265.2,1261.27,1227.09,1206.58,1190.54,1150.51,1185.0,1192.25,1177.74,1164.6,1111.07,1116.89,1104.3,1096.72
Canada,CAIT,Total including LUCF,All GHG,MtCO₂e,867.0,889.9,808.67,781.29,906.01,812.84,893.26,898.24,880.0,975.74,960.21,998.75,984.07,896.77,720.32,730.85,788.96,682.23,684.06,688.04,672.3,652.4,651.82,637.04,641.34
Germany,CAIT,Total including LUCF,All GHG,MtCO₂e,816.64,856.69,838.71,826.89,878.3,840.93,898.55,892.0,924.49,909.69,930.32,949.62,948.97,966.05,918.52,930.52,967.71,983.07,1019.98,997.84,1003.92,1017.27,1027.29,1074.32,1103.55
Iran,CAIT,Total including LUCF,All GHG,MtCO₂e,800.68,782.25,761.45,751.64,670.47,670.61,650.93,641.92,608.8,565.91,531.91,497.73,472.74,452.31,442.57,425.73,390.09,384.25,368.98,356.94,343.1,310.5,310.65,291.19,250.42
Mexico,CAIT,Total including LUCF,All GHG,MtCO₂e,729.1,742.0,749.38,752.21,737.04,728.97,741.09,726.18,712.22,701.59,668.9,656.07,625.09,610.61,605.8,575.09,589.07,551.86,521.57,499.19,516.4,487.67,472.8,466.47,446.07
South Korea,CAIT,Total including LUCF,All GHG,MtCO₂e,631.6,633.94,635.14,630.92,596.94,547.98,534.23,521.98,508.41,504.45,506.76,483.79,477.31,483.46,476.01,419.0,381.87,446.14,422.06,393.51,361.21,334.84,306.09,280.94,256.27
Saudi Arabia,CAIT,Total including LUCF,All GHG,MtCO₂e,583.37,546.44,536.7,503.17,482.79,443.26,420.99,389.77,370.41,350.7,333.57,315.73,302.33,283.59,278.01,266.64,261.37,244.54,262.21,249.09,244.68,231.17,223.3,209.13,187.52
South Africa,CAIT,Total including LUCF,All GHG,MtCO₂e,527.22,512.23,494.85,480.49,492.05,483.41,507.34,474.59,454.16,453.34,452.39,424.14,403.52,390.85,354.16,348.31,367.03,356.83,340.94,329.01,316.11,310.25,301.87,305.03,309.29
Australia,CAIT,Total including LUCF,All GHG,MtCO₂e,523.21,514.8,581.2,579.12,561.95,590.57,573.95,597.56,603.84,603.39,628.82,593.96,642.79,643.41,588.3,571.4,533.53,507.13,498.24,494.44,486.79,479.7,478.39,478.4,479.52
United Kingdom,CAIT,Total including LUCF,All GHG,MtCO₂e,493.9,534.08,545.38,521.26,560.25,543.02,593.75,609.64,623.4,622.37,628.09,631.77,623.3,643.94,636.21,636.44,645.19,648.36,677.86,662.4,680.14,690.56,709.23,733.48,725.58
Nigeria,CAIT,Total including LUCF,All GHG,MtCO₂e,492.44,492.5,489.65,486.16,461.16,438.63,459.95,460.23,463.33,443.65,425.86,420.03,411.54,413.6,431.65,425.58,425.5,424.78,425.04,414.31,412.24,414.8,415.44,403.74,394.22
Argentina,CAIT,Total including LUCF,All GHG,MtCO₂e,443.26,431.64,434.7,424.83,418.67,427.23,446.69,428.83,427.8,394.32,397.46,374.04,354.18,357.18,346.26,347.3,340.17,336.96,333.17,324.18,322.54,312.42,312.25,307.9,303.46
Zambia,CAIT,Total including LUCF,All GHG,MtCO₂e,379.89,390.47,364.21,361.36,399.41,364.37,412.72,390.5,408.15,476.86,417.52,387.78,370.02,373.08,399.17,357.29,394.51,386.66,422.41,394.05,394.79,395.91,396.8,397.11,397.23
Thailand,CAIT,Total including LUCF,All GHG,MtCO₂e,374.38,381.31,371.61,350.42,339.99,321.1,324.47,321.52,308.53,311.04,303.14,282.24,269.68,257.72,254.55,254.07,245.02,265.01,259.16,238.51,220.74,205.62,188.86,176.62,164.77
Italy,CAIT,Total including LUCF,All GHG,MtCO₂e,368.82,387.09,417.12,436.3,444.82,439.46,491.21,508.61,518.25,523.18,525.68,514.74,496.83,487.0,491.38,486.78,478.58,465.95,461.98,463.43,440.55,445.36,452.7,454.95,456.76
Turkey,CAIT,Total including LUCF,All GHG,MtCO₂e,366.61,343.6,355.51,331.03,320.08,308.4,313.17,314.63,287.79,286.24,275.03,269.53,258.54,248.45,281.81,255.52,255.98,252.14,242.01,223.16,204.27,205.67,194.26,183.01,178.42
Pakistan,CAIT,Total including LUCF,All GHG,MtCO₂e,361.98,355.37,345.75,342.69,329.18,334.41,324.5,321.47,304.96,284.63,276.39,259.24,251.14,245.0,242.71,240.92,228.68,224.83,218.25,210.71,200.25,195.56,185.91,176.69,175.8
Ukraine,CAIT,Total including LUCF,All GHG,MtCO₂e,344.13,370.5,376.19,382.86,351.38,334.78,384.48,396.93,388.33,377.17,390.94,417.38,388.47,382.03,355.94,367.24,373.77,400.06,422.99,483.66,513.99,609.2,698.9,802.75,851.63
Venezuela,CAIT,Total including LUCF,All GHG,MtCO₂e,337.54,339.69,336.59,311.35,272.54,262.73,264.88,235.4,229.6,353.01,333.57,337.8,331.13,339.96,325.75,315.31,328.91,327.75,321.33,306.59,298.2,295.75,289.42,285.57,283.97
France,CAIT,Total including LUCF,All GHG,MtCO₂e,334.28,362.03,356.79,353.92,409.52,403.31,422.74,428.37,435.66,420.04,420.47,420.05,415.74,423.76,474.93,480.94,487.82,469.75,480.23,464.84,455.74,459.04,478.38,495.06,468.91
Poland,CAIT,Total including LUCF,All GHG,MtCO₂e,327.8,336.08,341.44,348.66,269.31,253.53,266.57,272.81,273.45,343.81,343.23,339.45,327.89,334.68,348.57,363.58,374.16,402.07,412.28,397.58,397.36,401.78,401.6,411.83,412.58
Iraq,CAIT,Total including LUCF,All GHG,MtCO₂e,292.86,282.53,268.14,244.55,229.62,211.78,184.27,170.46,172.19,172.41,163.53,164.48,178.24,190.94,184.56,159.36,160.9,179.75,146.53,129.97,145.08,145.2,133.36,123.07,154.8
Kazakhstan,CAIT,Total including LUCF,All GHG,MtCO₂e,291.85,313.8,300.33,300.74,283.68,260.43,287.73,241.58,234.13,213.25,199.66,182.18,171.81,154.86,156.53,161.44,176.06,177.12,204.36,231.78,264.07,292.09,334.18,337.31,333.33
Tanzania,CAIT,Total including LUCF,All GHG,MtCO₂e,286.49,286.99,290.96,288.51,299.83,295.79,302.69,301.59,286.01,317.43,301.01,303.32,276.66,296.79,267.76,292.03,296.75,279.65,293.82,282.43,278.54,278.38,277.89,277.76,277.47
Spain,CAIT,Total including LUCF,All GHG,MtCO₂e,272.67,273.59,298.73,306.76,306.96,321.71,361.11,398.74,384.72,377.2,363.17,347.28,340.2,322.59,321.22,303.51,279.83,267.77,246.68,253.95,241.18,229.88,243.01,232.17,225.08
Egypt,CAIT,Total including LUCF,All GHG,MtCO₂e,272.47,272.16,288.13,274.77,267.38,265.57,262.14,250.97,235.27,226.98,206.86,195.11,186.86,181.69,168.06,167.6,158.95,151.64,142.24,135.28,127.18,132.67,131.35,127.21,122.79
Angola,CAIT,Total including LUCF,All GHG,MtCO₂e,252.09,270.34,250.75,283.42,252.04,237.03,226.03,234.99,201.88,221.04,216.25,200.02,184.97,162.88,177.31,176.52,183.59,169.91,174.39,171.3,165.97,164.89,163.17,161.91,160.32
Vietnam,CAIT,Total including LUCF,All GHG,MtCO₂e,251.95,238.85,227.5,227.74,242.12,224.49,205.16,193.75,180.77,165.26,157.76,138.83,133.84,117.46,86.27,78.38,75.52,64.72,57.21,49.42,44.23,38.3,31.46,28.77,25.76
Sudan,CAIT,Total including LUCF,All GHG,MtCO₂e,234.55,279.71,360.41,400.33,344.83,430.99,345.4,310.41,324.37,412.79,429.43,383.75,464.36,395.97,333.46,327.65,330.01,308.24,293.13,291.54,290.29,284.55,281.31,275.96,274.59
United Arab Emirates,CAIT,Total including LUCF,All GHG,MtCO₂e,221.29,218.57,214.16,204.05,196.05,191.36,191.08,164.97,153.59,147.12,139.72,132.33,125.7,122.58,108.9,109.84,107.11,103.89,97.63,93.84,88.81,81.97,78.89,80.15,73.45
Uzbekistan,CAIT,Total including LUCF,All GHG,MtCO₂e,214.7,209.38,217.23,211.72,214.74,213.74,220.29,218.44,215.73,205.58,208.42,209.29,211.15,208.85,206.47,205.52,202.38,185.22,179.87,178.41,187.56,189.96,186.23,195.77,189.67
Myanmar,CAIT,Total including LUCF,All GHG,MtCO₂e,212.49,201.71,198.4,192.47,186.7,179.49,171.99,185.67,173.88,170.48,175.71,162.91,154.78,154.59,183.64,186.25,181.1,175.13,176.98,176.64,173.67,171.19,168.67,166.31,166.64
Democratic Republic of the Congo,CAIT,Total including LUCF,All GHG,MtCO₂e,206.75,208.32,201.96,208.98,208.45,205.01,203.98,199.43,209.94,203.27,204.36,199.31,195.18,194.91,198.31,202.28,209.09,207.06,201.76,201.28,201.28,201.29,201.26,201.22,202.68
Algeria,CAIT,Total including LUCF,All GHG,MtCO₂e,201.69,187.09,182.12,171.44,158.85,20.2,7.79,16.88,6.22,24.07,2.17,0.97,4.51,7.11,3.4,75.16,4.27,18.86,67.98,0.04,4.22,18.81,67.1,91.14,90.17
Kuwait,CAIT,Total including LUCF,All GHG,MtCO₂e,198.95,196.14,197.43,192.31,187.25,188.13,181.1,176.21,176.76,173.95,161.58,154.73,148.93,142.16,134.59,130.55,125.93,119.37,117.59,117.78,110.63,99.06,85.86,91.59,78.35
Bangladesh,CAIT,Total including LUCF,All GHG,MtCO₂e,196.93,193.6,190.97,187.21,173.47,165.13,160.94,150.75,147.86,152.96,148.88,147.06,145.75,142.61,138.33,135.68,131.46,131.2,128.86,128.06,122.97,120.6,119.35,117.52,117.3
Cameroon,CAIT,Total including LUCF,All GHG,MtCO₂e,196.56,199.25,192.56,192.89,193.76,195.61,194.12,195.55,194.55,196.41,193.2,194.96,192.99,193.16,196.37,194.94,195.8,192.49,191.83,192.74,192.91,192.23,188.07,188.13,188.45
Malaysia,CAIT,Total including LUCF,All GHG,MtCO₂e,187.89,163.24,144.64,140.13,263.37,250.18,259.08,245.98,226.29,392.85,379.48,359.64,353.6,335.97,307.36,296.45,317.59,288.13,277.55,266.07,257.85,250.74,246.96,239.27,230.06
Paraguay,CAIT,Total including LUCF,All GHG,MtCO₂e,183.23,181.67,180.32,178.69,163.57,160.62,159.71,162.25,158.4,102.75,101.63,103.37,101.25,100.96,98.33,103.11,100.31,100.16,99.13,99.46,97.68,96.15,94.3,93.35,94.38
Colombia,CAIT,Total including LUCF,All GHG,MtCO₂e,182.39,177.73,170.42,172.67,315.11,312.11,307.9,307.27,303.2,309.04,304.29,303.45,301.47,302.78,281.22,277.5,286.87,285.07,280.6,279.81,276.76,274.79,270.86,267.3,265.53
Netherlands,CAIT,Total including LUCF,All GHG,MtCO₂e,181.33,187.69,188.12,189.66,201.27,192.06,198.39,198.04,198.47,205.78,211.29,210.66,209.43,211.28,207.05,208.43,214.93,216.49,225.87,217.89,210.56,210.47,205.7,207.04,199.61
Peru,CAIT,Total including LUCF,All GHG,MtCO₂e,161.51,158.26,157.32,156.25,151.94,147.93,143.78,138.98,134.91,110.98,107.99,103.48,103.42,101.71,103.68,103.39,99.85,99.8,98.04,94.74,90.57,88.72,87.36,86.33,87.37
Ethiopia,CAIT,Total including LUCF,All GHG,MtCO₂e,147.73,143.01,138.41,129.67,146.06,143.18,140.04,133.98,128.07,123.49,125.3,122.44,119.12,108.09,105.41,112.21,111.94,102.91,101.19,98.09,97.39,96.11,101.41,100.64,100.19
Bolivia,CAIT,Total including LUCF,All GHG,MtCO₂e,134.18,132.99,133.5,135.12,153.17,126.92,128.18,131.17,126.45,120.22,126.22,109.76,107.97,104.36,108.21,116.37,111.52,110.38,109.52,109.79,109.85,108.01,106.48,104.83,104.26
Libya,CAIT,Total including LUCF,All GHG,MtCO₂e,133.67,133.01,131.88,119.12,139.58,134.23,129.75,122.68,123.41,121.14,115.08,111.37,108.57,103.77,99.96,98.09,99.6,98.11,98.42,96.14,94.34,89.01,88.31,91.26,93.9
Philippines,CAIT,Total including LUCF,All GHG,MtCO₂e,121.34,111.29,101.27,96.47,184.56,178.23,175.86,172.49,166.67,155.7,154.13,150.51,147.41,145.36,132.28,130.67,126.38,132.02,123.36,114.73,102.71,95.35,90.21,87.46,87.51
Turkmenistan,CAIT,Total including LUCF,All GHG,MtCO₂e,114.99,112.29,109.73,105.63,98.91,91.09,97.32,95.45,88.58,85.93,82.81,78.69,71.66,68.24,65.54,62.78,55.99,54.65,53.69,56.36,56.25,50.58,51.94,64.76,72.49
Oman,CAIT,Total including LUCF,All GHG,MtCO₂e,106.3,101.78,98.58,91.46,84.6,80.69,77.5,78.02,73.92,64.88,65.68,66.63,66.37,65.45,63.42,60.15,55.79,54.53,51.92,50.5,47.34,46.2,45.64,45.45,39.86
Belgium,CAIT,Total including LUCF,All GHG,MtCO₂e,104.87,110.78,109.4,111.36,122.57,113.73,121.53,118.78,122.62,125.05,128.88,130.47,126.59,133.36,133.16,132.71,135.92,134.02,137.31,132.33,132.46,127.14,129.3,130.69,125.7
Czech Republic,CAIT,Total including LUCF,All GHG,MtCO₂e,104.27,108.49,112.99,117.47,123.74,121.62,129.14,134.73,131.97,125.93,129.36,128.62,124.3,129.33,129.11,118.03,125.35,131.87,134.51,132.96,133.42,140.94,145.8,152.27,168.49
Ecuador,CAIT,Total including LUCF,All GHG,MtCO₂e,94.53,92.18,90.22,88.94,87.66,83.94,81.19,80.28,79.94,77.95,76.68,73.17,73.37,73.22,78.99,78.06,82.21,82.4,81.26,78.12,75.05,73.7,74.2,72.64,71.57
Belarus,CAIT,Total including LUCF,All GHG,MtCO₂e,89.25,89.8,89.79,88.6,65.03,60.66,62.3,58.46,59.91,64.83,63.26,59.74,63.06,58.53,67.94,70.65,72.76,74.57,74.12,73.55,81.62,94.41,107.15,121.79,126.8
Qatar,CAIT,Total including LUCF,All GHG,MtCO₂e,88.11,82.85,81.07,72.08,69.54,64.67,59.58,55.0,48.93,45.07,35.82,32.31,30.81,26.52,24.61,25.67,23.38,21.84,20.16,19.13,18.27,17.41,16.5,16.33,14.16
Israel,CAIT,Total including LUCF,All GHG,MtCO₂e,87.41,89.52,94.51,87.25,87.19,81.87,82.09,81.52,78.71,74.83,76.88,76.71,74.87,71.83,71.21,66.72,64.85,63.58,60.88,58.27,54.13,50.71,46.51,43.62,42.4
Greece,CAIT,Total including LUCF,All GHG,MtCO₂e,83.44,86.79,93.95,100.27,102.65,110.04,116.67,122.76,118.93,120.62,119.6,120.4,117.01,117.69,116.67,108.76,109.19,105.58,104.5,104.15,100.28,98.04,97.13,95.26,95.56
North Korea,CAIT,Total including LUCF,All GHG,MtCO₂e,83.02,77.96,91.05,89.64,108.22,112.43,112.65,105.01,118.07,114.18,110.54,108.28,106.11,109.95,106.81,101.63,95.79,103.02,109.83,119.92,127.85,138.88,147.87,161.38,168.26
Morocco,CAIT,Total including LUCF,All GHG,MtCO₂e,80.22,78.4,78.12,75.87,73.02,69.66,69.51,66.87,65.96,53.65,50.58,46.56,46.53,44.93,41.91,40.9,38.82,37.94,36.25,35.53,34.79,31.92,32.16,30.83,29.31
Papua New Guinea,CAIT,Total including LUCF,All GHG,MtCO₂e,76.03,70.96,65.27,66.09,74.24,68.15,73.46,67.7,75.89,65.66,100.81,71.46,82.31,64.71,66.48,66.59,67.18,176.29,64.61,75.41,74.7,73.67,72.89,72.05,71.31
Austria,CAIT,Total including LUCF,All GHG,MtCO₂e,70.26,73.58,73.27,76.22,78.66,73.75,80.17,79.89,82.26,81.97,81.49,81.67,75.84,74.41,65.54,65.51,67.37,66.93,68.02,64.45,61.84,61.91,61.93,67.08,63.13
Mozambique,CAIT,Total including LUCF,All GHG,MtCO₂e,68.1,66.72,65.48,63.41,59.19,54.54,57.61,55.48,53.03,60.71,58.38,60.14,55.7,56.82,54.15,56.3,57.4,54.87,56.95,56.11,55.54,55.62,55.25,54.96,55.02
Mongolia,CAIT,Total including LUCF,All GHG,MtCO₂e,65.47,63.46,63.22,58.33,53.87,56.98,60.88,61.16,59.71,49.46,47.54,46.95,50.8,50.25,57.08,53.24,53.34,58.86,52.14,53.25,52.43,54.19,55.36,57.48,55.32
Finland,CAIT,Total including LUCF,All GHG,MtCO₂e,65.24,69.26,68.49,74.26,56.08,47.57,50.7,59.01,61.02,53.9,66.48,71.25,63.46,61.58,47.58,49.34,50.41,54.12,56.48,50.27,54.18,47.54,46.37,49.25,49.13
Azerbaijan,CAIT,Total including LUCF,All GHG,MtCO₂e,64.13,61.25,58.98,55.09,49.95,48.32,50.12,45.27,49.32,55.51,52.09,51.38,54.26,53.95,54.03,52.29,52.33,51.85,52.13,57.13,59.51,66.3,58.33,82.43,73.73
Zimbabwe,CAIT,Total including LUCF,All GHG,MtCO₂e,63.79,63.49,63.52,63.71,63.14,60.88,61.06,62.47,62.22,62.88,62.74,62.56,65.01,68.46,67.91,70.86,68.85,67.85,68.84,67.47,67.9,68.7,72.02,71.32,70.91
Portugal,CAIT,Total including LUCF,All GHG,MtCO₂e,63.35,63.91,65.22,67.07,65.54,71.51,72.1,77.01,76.79,88.42,84.74,83.56,88.63,84.29,80.31,80.86,74.33,69.5,67.18,68.69,65.2,63.21,64.2,59.94,58.05
Syria,CAIT,Total including LUCF,All GHG,MtCO₂e,62.2,64.61,73.47,86.39,88.24,89.65,94.83,93.84,90.7,87.58,76.28,73.82,73.28,72.62,71.71,71.59,72.36,68.99,68.36,64.98,61.11,57.98,57.59,56.67,52.58
Central African Republic,CAIT,Total including LUCF,All GHG,MtCO₂e,61.89,62.66,59.69,63.1,61.39,58.57,63.16,61.4,60.2,61.13,58.18,62.14,55.54,57.2,63.18,61.67,64.87,59.93,56.73,55.65,54.8,53.96,53.19,52.42,51.39
Hungary,CAIT,Total including LUCF,All GHG,MtCO₂e,61.0,61.16,62.11,65.59,66.18,66.39,72.64,73.51,75.73,78.73,79.52,80.67,78.1,79.16,75.34,78.45,77.45,77.04,78.41,76.57,77.68,78.92,79.2,87.91,91.81
New Zealand,CAIT,Total including LUCF,All GHG,MtCO₂e,60.34,59.67,59.84,57.71,57.54,57.7,60.43,60.41,61.66,62.93,61.58,62.53,59.9,58.99,49.39,48.71,46.95,48.2,45.75,45.52,44.41,42.83,43.51,42.36,42.95
Uganda,CAIT,Total including LUCF,All GHG,MtCO₂e,59.92,60.64,58.29,56.77,56.42,56.73,54.87,48.17,46.16,43.7,43.7,42.27,39.71,36.95,38.81,38.89,39.77,37.69,37.05,36.63,36.03,36.22,35.78,35.45,34.91
Ireland,CAIT,Total including LUCF,All GHG,MtCO₂e,58.27,58.79,59.33,58.43,55.66,56.78,61.96,62.38,63.85,68.84,67.41,66.24,66.76,67.42,64.61,63.12,61.3,57.96,56.48,55.24,54.48,53.02,52.42,52.13,51.36
Chad,CAIT,Total including LUCF,All GHG,MtCO₂e,52.67,53.8,53.92,53.94,53.19,52.65,54.56,54.94,54.45,36.74,34.4,33.51,31.41,28.4,32.05,32.58,31.74,28.39,26.95,26.09,25.74,25.55,25.38,25.16,25.0
Cambodia,CAIT,Total including LUCF,All GHG,MtCO₂e,52.62,51.69,50.7,51.26,49.66,48.51,47.79,48.12,46.0,53.11,52.8,51.42,50.2,49.5,47.08,48.56,48.97,45.83,44.67,45.27,43.36,44.21,43.36,42.73,42.82
Singapore,CAIT,Total including LUCF,All GHG,MtCO₂e,52.42,52.99,52.37,52.81,50.01,45.88,44.73,44.62,43.29,42.64,44.23,42.68,45.63,46.37,46.49,42.09,41.28,42.5,42.48,41.11,41.27,39.21,33.76,32.71,30.97
Serbia,CAIT,Total including LUCF,All GHG,MtCO₂e,50.1,57.72,57.15,61.97,-5.78,-4.79,-2.03,0.67,1.87,59.9,67.41,61.83,58.74,55.32,53.12,50.87,68.01,68.34,63.53,56.11,49.62,53.32,59.2,65.53,75.97
Honduras,CAIT,Total including LUCF,All GHG,MtCO₂e,49.6,49.16,48.71,48.95,47.3,47.43,47.45,47.72,45.93,47.76,46.5,46.46,43.81,43.44,54.88,54.05,54.57,53.68,52.99,52.97,52.14,51.5,51.62,51.29,51.16
Madagascar,CAIT,Total including LUCF,All GHG,MtCO₂e,48.5,50.72,47.19,48.23,60.06,60.71,56.43,59.17,57.91,51.71,46.83,47.28,44.07,49.59,61.98,64.52,65.36,63.4,64.56,63.69,63.53,63.54,63.19,62.98,62.9
Denmark,CAIT,Total including LUCF,All GHG,MtCO₂e,48.28,52.39,50.54,55.7,62.26,61.71,64.22,67.41,72.1,64.56,68.34,74.37,68.81,69.43,67.24,71.45,74.86,78.93,88.49,75.1,78.27,74.44,71.81,77.87,67.28
Bulgaria,CAIT,Total including LUCF,All GHG,MtCO₂e,47.89,44.97,49.55,54.73,49.33,47.69,54.55,56.74,52.85,47.97,47.61,48.39,44.01,46.42,46.1,47.02,53.15,55.87,58.42,58.17,58.46,61.66,63.0,68.07,88.15
Sweden,CAIT,Total including LUCF,All GHG,MtCO₂e,46.91,46.62,47.95,51.09,54.54,49.17,52.61,54.65,56.52,12.16,15.54,17.19,16.18,14.7,46.93,51.05,52.35,51.64,57.96,52.43,52.95,51.06,51.08,48.35,47.75
Switzerland,CAIT,Total including LUCF,All GHG,MtCO₂e,46.15,49.94,48.9,47.47,49.61,47.99,49.27,47.77,49.71,51.88,51.35,50.86,49.68,51.42,49.42,50.35,50.18,48.72,50.1,49.52,48.79,49.7,52.03,52.23,49.94
Sri Lanka,CAIT,Total including LUCF,All GHG,MtCO₂e,45.25,42.29,44.42,43.07,39.51,38.28,39.04,38.7,37.62,41.6,39.63,39.32,38.05,37.06,35.91,34.41,32.79,32.91,32.66,30.45,30.38,29.3,29.14,27.54,27.77
Nepal,CAIT,Total including LUCF,All GHG,MtCO₂e,44.06,42.29,42.3,40.35,39.14,38.01,36.08,34.65,34.43,60.63,60.01,59.95,58.6,59.32,63.95,63.83,62.09,61.1,60.47,59.88,58.68,57.77,56.84,56.85,56.37
Côte d'Ivoire,CAIT,Total including LUCF,All GHG,MtCO₂e,39.21,38.83,36.83,34.37,34.34,33.05,33.41,32.2,31.88,17.36,15.19,15.48,16.48,15.27,18.55,20.08,19.53,20.45,20.29,21.02,20.41,19.4,18.79,18.3,17.68
Mali,CAIT,Total including LUCF,All GHG,MtCO₂e,38.7,36.32,35.69,35.87,34.65,33.13,34.28,32.05,31.48,31.12,31.63,27.7,28.05,28.85,27.66,29.1,28.13,24.33,23.65,24.04,23.74,23.52,23.33,23.29,23.34
Ghana,CAIT,Total including LUCF,All GHG,MtCO₂e,38.57,39.36,37.49,35.82,18.32,16.77,15.66,16.02,16.11,59.85,56.54,58.39,57.59,56.87,39.39,38.86,39.86,36.07,35.27,34.89,34.49,34.06,33.78,33.22,33.12
Guatemala,CAIT,Total including LUCF,All GHG,MtCO₂e,38.4,34.66,32.5,32.19,40.1,40.87,39.04,40.74,38.63,40.6,36.86,38.58,35.66,34.84,35.72,33.42,34.67,31.11,30.73,30.76,29.78,29.55,28.94,27.82,27.49
Tunisia,CAIT,Total including LUCF,All GHG,MtCO₂e,37.88,35.36,35.19,33.81,35.27,32.89,32.27,31.84,31.27,30.26,29.69,28.6,28.29,28.33,27.34,26.05,24.9,23.83,23.44,22.27,21.92,22.08,20.53,19.7,18.74
Botswana,CAIT,Total including LUCF,All GHG,MtCO₂e,36.56,69.03,41.94,55.82,36.66,30.36,48.79,63.91,45.58,58.92,35.57,55.99,122.22,47.92,65.33,77.06,92.03,82.98,72.46,59.06,58.15,57.91,58.18,57.86,58.37
Somalia,CAIT,Total including LUCF,All GHG,MtCO₂e,36.46,36.33,36.19,35.91,37.98,37.78,37.77,37.71,38.76,42.12,41.7,41.41,41.01,40.66,38.49,38.28,38.25,38.3,37.89,37.43,36.92,35.21,33.48,35.33,38.03
Bahrain,CAIT,Total including LUCF,All GHG,MtCO₂e,35.04,33.48,31.2,30.58,30.43,29.02,28.97,27.12,26.61,24.69,21.81,21.72,21.02,19.99,19.41,18.92,18.92,17.73,17.42,16.71,16.48,16.09,15.22,13.2,13.52
Yemen,CAIT,Total including LUCF,All GHG,MtCO₂e,34.01,35.65,28.7,29.4,33.26,34.73,30.91,29.3,27.62,27.37,26.33,25.11,22.26,22.1,20.56,19.65,18.05,16.9,15.8,15.4,13.87,13.5,14.4,13.63,11.99
Afghanistan,CAIT,Total including LUCF,All GHG,MtCO₂e,33.37,33.17,34.5,34.71,30.63,26.94,23.63,20.4,19.62,18.98,18.15,18.43,17.7,15.21,16.5,18.0,17.12,16.28,15.32,14.33,13.99,14.03,14.01,15.29,15.21
Slovakia,CAIT,Total including LUCF,All GHG,MtCO₂e,33.02,35.23,34.48,36.19,36.28,34.62,38.28,38.58,39.54,37.69,36.53,37.53,36.96,37.31,35.9,38.58,39.69,40.46,40.36,40.41,39.88,42.99,54.79,48.74,56.79
Cuba,CAIT,Total including LUCF,All GHG,MtCO₂e,32.87,32.55,33.61,32.83,86.81,83.56,79.2,79.76,78.67,7.38,7.03,7.52,8.29,9.7,8.73,8.2,7.62,7.94,5.28,2.67,1.83,0.38,3.92,9.64,18.33
Burkina Faso,CAIT,Total including LUCF,All GHG,MtCO₂e,32.6,32.61,31.26,31.24,33.06,32.05,31.75,31.17,30.56,28.96,27.96,28.0,25.46,24.33,26.7,27.0,26.81,25.88,25.17,24.49,24.04,23.61,23.26,22.88,22.47
Jordan,CAIT,Total including LUCF,All GHG,MtCO₂e,32.4,30.42,30.52,26.98,26.25,26.5,26.02,26.38,24.95,24.48,22.96,21.02,21.35,19.63,19.48,19.68,20.59,21.31,21.72,22.17,21.52,20.61,20.12,17.49,17.36
Senegal,CAIT,Total including LUCF,All GHG,MtCO₂e,30.45,30.78,29.02,30.6,31.02,28.66,29.19,28.13,28.54,28.32,27.41,24.91,25.95,27.41,27.09,26.87,24.83,23.64,23.1,22.82,22.56,22.22,21.99,21.54,21.25
Guinea,CAIT,Total including LUCF,All GHG,MtCO₂e,30.18,30.59,30.87,29.51,28.64,28.65,28.93,27.7,27.75,26.86,26.51,26.16,26.31,24.9,25.16,24.91,25.15,23.77,23.63,23.48,23.08,22.56,22.21,21.89,21.58
Laos,CAIT,Total including LUCF,All GHG,MtCO₂e,29.62,29.36,29.28,26.79,32.91,26.73,25.54,29.66,26.19,27.63,29.42,25.2,25.76,24.24,17.78,18.23,19.15,17.53,17.68,17.41,17.29,16.95,16.93,16.64,16.69
Niger,CAIT,Total including LUCF,All GHG,MtCO₂e,29.52,28.22,27.26,25.66,26.0,24.83,23.81,22.91,21.89,21.26,20.47,19.84,19.14,18.48,23.28,22.84,22.33,21.45,21.04,20.37,19.82,19.32,18.77,18.3,17.87
Kenya,CAIT,Total including LUCF,All GHG,MtCO₂e,29.29,28.96,29.44,30.06,27.85,27.08,27.15,25.3,10.86,-6.3,-6.78,-9.59,-10.87,-11.64,94.72,96.2,94.22,93.2,93.24,93.93,93.61,93.39,93.63,93.66,94.84
Bosnia and Herzegovina,CAIT,Total including LUCF,All GHG,MtCO₂e,28.8,28.59,28.79,30.59,27.54,27.38,27.27,25.68,24.65,22.84,22.17,21.52,20.76,20.01,12.42,8.41,8.05,5.06,0.08,-0.91,-0.8,9.64,12.29,17.96,20.66
Lebanon,CAIT,Total including LUCF,All GHG,MtCO₂e,28.59,26.94,26.98,24.48,23.82,24.65,20.73,16.72,17.97,19.33,19.97,19.53,19.04,19.12,17.9,19.37,18.76,18.67,17.0,16.36,14.49,13.28,9.26,8.95,7.44
Estonia,CAIT,Total including LUCF,All GHG,MtCO₂e,26.43,27.71,25.3,26.53,24.23,20.33,23.7,25.23,21.43,28.2,27.98,27.83,25.89,26.19,18.43,18.86,19.92,20.52,20.95,20.13,22.08,23.21,29.24,38.46,42.42
Panama,CAIT,Total including LUCF,All GHG,MtCO₂e,26.31,25.87,25.54,24.95,24.0,23.25,21.69,21.46,21.75,22.03,20.39,20.23,20.06,20.83,19.14,18.84,19.56,18.37,18.28,18.15,17.8,17.54,17.29,16.64,16.18
Equatorial Guinea,CAIT,Total including LUCF,All GHG,MtCO₂e,25.94,25.87,26.09,25.71,25.72,25.86,25.24,25.5,25.6,24.92,24.05,21.64,18.01,15.85,13.85,12.54,10.93,9.84,8.38,6.68,6.55,6.57,5.66,5.61,5.49
Guyana,CAIT,Total including LUCF,All GHG,MtCO₂e,24.97,20.25,22.58,18.48,12.22,16.67,14.76,14.59,14.21,16.74,12.49,19.26,11.25,11.24,11.56,12.08,16.67,13.15,13.21,13.58,13.3,12.98,12.88,12.9,12.7
Norway,CAIT,Total including LUCF,All GHG,MtCO₂e,24.94,24.64,25.62,26.19,26.62,24.82,25.28,26.41,26.22,27.03,28.33,28.16,25.71,26.32,32.9,38.3,36.41,34.71,33.02,32.0,33.08,31.96,31.2,28.61,31.15
Trinidad and Tobago,CAIT,Total including LUCF,All GHG,MtCO₂e,24.92,25.31,24.47,24.74,25.73,23.52,25.08,25.45,23.74,21.37,17.25,16.81,18.12,17.16,16.05,15.48,15.36,15.03,14.56,14.38,14.23,13.69,13.17,14.23,15.34
Dominican Republic,CAIT,Total including LUCF,All GHG,MtCO₂e,24.41,24.42,24.49,23.93,23.73,22.47,22.64,22.24,21.23,19.51,17.64,18.39,20.96,18.96,17.47,16.11,15.63,13.61,11.81,10.75,9.77,7.88,7.84,6.15,5.23
Benin,CAIT,Total including LUCF,All GHG,MtCO₂e,23.54,22.95,22.28,22.23,21.94,21.55,21.27,21.45,20.74,20.27,18.9,18.88,19.17,17.85,22.43,22.25,22.47,21.51,21.29,20.44,20.58,20.37,20.28,20.21,20.23
Uruguay,CAIT,Total including LUCF,All GHG,MtCO₂e,22.7,23.49,24.18,23.87,13.45,16.04,16.15,13.64,14.68,18.15,17.95,16.24,15.43,15.21,3.81,5.67,4.7,5.03,5.28,3.97,3.75,3.89,3.46,2.02,0.53
Brunei,CAIT,Total including LUCF,All GHG,MtCO₂e,19.76,19.41,19.33,18.97,20.24,20.98,20.5,20.13,20.56,18.45,18.3,18.57,17.57,17.31,17.4,16.8,20.9,17.32,16.42,15.95,15.45,15.04,14.63,14.29,14.69
Namibia,CAIT,Total including LUCF,All GHG,MtCO₂e,19.66,20.83,24.51,23.97,20.42,20.72,19.45,19.42,19.57,19.47,18.2,17.87,18.41,19.2,19.61,18.36,18.48,17.49,17.7,17.96,17.84,17.62,17.61,17.65,16.33
Lithuania,CAIT,Total including LUCF,All GHG,MtCO₂e,19.47,19.79,20.31,20.14,21.34,20.32,21.95,22.23,22.46,24.33,23.74,22.66,22.24,22.44,21.61,23.28,25.75,24.84,25.0,24.18,25.9,27.91,33.8,48.96,47.44
Republic of Congo,CAIT,Total including LUCF,All GHG,MtCO₂e,19.29,27.25,25.22,20.33,17.78,17.38,18.74,17.54,19.04,21.3,18.83,17.34,15.62,16.89,17.07,17.86,18.0,18.28,17.49,18.54,18.38,18.59,18.6,18.66,16.42
Croatia,CAIT,Total including LUCF,All GHG,MtCO₂e,18.84,19.58,20.12,21.88,16.22,17.16,19.57,20.44,19.08,16.4,16.37,16.49,15.01,13.56,12.38,12.83,12.88,11.78,9.7,9.83,9.56,10.51,10.44,11.8,18.03
Georgia,CAIT,Total including LUCF,All GHG,MtCO₂e,16.39,15.13,14.73,13.89,8.79,9.15,8.34,9.25,8.58,8.18,7.54,7.44,7.41,8.16,9.08,8.38,8.4,8.57,9.01,10.41,14.11,21.51,27.4,34.55,44.08
Nicaragua,CAIT,Total including LUCF,All GHG,MtCO₂e,14.74,14.23,14.47,14.44,42.74,42.54,42.37,42.53,42.36,42.21,41.71,42.41,41.24,40.79,40.74,40.2,39.71,38.77,38.01,37.96,38.5,38.17,37.56,36.69,38.36
Malawi,CAIT,Total including LUCF,All GHG,MtCO₂e,14.54,14.4,14.15,13.71,15.71,14.34,14.77,13.84,13.5,14.54,14.34,15.02,13.82,13.42,13.55,13.09,13.45,13.33,13.44,13.21,13.55,14.49,14.89,15.44,15.82
Kyrgyzstan,CAIT,Total including LUCF,All GHG,MtCO₂e,14.35,14.7,14.99,12.41,26.18,26.5,26.96,25.79,24.53,7.55,7.71,7.76,6.95,6.02,6.7,6.81,8.08,7.7,7.93,6.99,10.07,14.48,18.9,26.76,29.75
Togo,CAIT,Total including LUCF,All GHG,MtCO₂e,13.57,13.44,13.09,13.2,13.06,13.21,12.09,11.44,11.4,12.15,11.32,11.67,11.31,11.21,11.38,11.5,11.31,10.59,10.52,9.93,10.0,9.7,9.82,10.1,10.26
Sierra Leone,CAIT,Total including LUCF,All GHG,MtCO₂e,12.85,12.73,12.95,11.59,11.11,10.96,10.85,10.48,11.06,10.27,10.17,9.92,9.7,9.38,9.18,9.22,9.49,9.48,9.51,9.6,9.8,9.75,9.67,9.75,9.71
El Salvador,CAIT,Total including LUCF,All GHG,MtCO₂e,12.55,12.24,12.98,12.76,12.91,13.21,13.44,14.05,13.43,13.04,12.6,12.5,12.13,11.92,11.2,11.31,11.16,11.05,10.19,10.29,9.99,9.34,8.77,8.39,7.57
Belize,CAIT,Total including LUCF,All GHG,MtCO₂e,12.08,13.43,11.57,11.89,14.23,14.35,14.69,14.82,13.6,15.01,13.6,14.89,13.25,13.2,12.24,12.05,12.01,11.55,11.53,11.43,11.32,11.19,11.05,10.89,10.72
Tajikistan,CAIT,Total including LUCF,All GHG,MtCO₂e,11.96,10.24,9.39,8.69,8.38,8.32,8.69,8.39,7.68,7.13,7.01,6.26,6.07,6.08,6.18,6.63,7.04,7.08,6.9,7.45,8.11,10.31,13.22,16.38,17.41
Macedonia,CAIT,Total including LUCF,All GHG,MtCO₂e,11.72,12.07,12.86,13.32,12.29,12.37,12.94,13.15,12.56,13.67,13.24,13.4,12.55,13.09,11.0,11.27,12.09,11.3,12.44,10.85,10.94,11.0,10.7,11.32,11.68
Moldova,CAIT,Total including LUCF,All GHG,MtCO₂e,11.2,10.4,11.21,11.36,11.48,10.66,10.82,10.96,11.13,11.24,11.05,11.01,10.53,10.4,9.69,10.37,11.96,13.29,14.62,16.63,18.72,22.25,25.51,30.88,37.07
Luxembourg,CAIT,Total including LUCF,All GHG,MtCO₂e,10.81,11.19,11.81,12.08,12.1,11.48,12.07,12.13,12.63,12.76,12.53,11.07,10.69,9.85,8.48,8.55,8.16,8.83,9.33,9.26,11.34,12.23,11.86,12.23,11.7
Slovenia,CAIT,Total including LUCF,All GHG,MtCO₂e,10.46,11.78,12.31,12.69,11.17,10.99,12.94,11.78,11.84,8.94,8.75,8.64,8.61,8.44,11.09,11.37,12.01,12.24,11.73,10.93,10.14,10.15,9.42,10.31,11.31
Jamaica,CAIT,Total including LUCF,All GHG,MtCO₂e,10.17,10.3,9.77,10.21,9.76,10.31,12.39,14.32,14.4,13.26,13.2,13.19,12.77,12.57,12.48,12.38,12.09,11.58,11.38,11.02,10.7,10.66,10.47,9.68,9.67
Mauritania,CAIT,Total including LUCF,All GHG,MtCO₂e,9.68,9.69,9.4,8.94,11.0,10.46,9.6,10.09,9.75,10.31,10.2,9.76,9.61,9.63,9.4,9.01,8.58,8.26,8.02,7.61,7.65,7.6,7.44,7.56,7.36
Haiti,CAIT,Total including LUCF,All GHG,MtCO₂e,8.81,8.2,8.03,8.08,8.0,8.09,8.09,8.05,7.68,7.61,7.46,7.18,7.21,6.93,6.63,6.21,6.09,5.95,5.49,5.25,4.49,5.0,5.36,5.01,4.81
Albania,CAIT,Total including LUCF,All GHG,MtCO₂e,8.68,8.2,8.11,8.45,8.1,7.82,7.75,8.17,7.94,9.14,9.37,9.3,8.88,8.24,7.57,7.22,6.05,5.83,6.54,6.84,7.28,6.74,7.01,9.26,11.84
Armenia,CAIT,Total including LUCF,All GHG,MtCO₂e,8.48,8.45,8.45,7.56,7.2,7.37,8.5,7.93,7.14,6.99,6.25,5.88,5.47,5.85,5.72,5.38,5.88,5.93,5.31,6.37,5.76,8.26,14.37,24.7,24.07
Suriname,CAIT,Total including LUCF,All GHG,MtCO₂e,8.04,8.19,8.7,7.04,6.96,8.33,7.4,6.79,7.19,6.96,7.43,8.16,6.19,6.55,6.66,7.52,8.35,7.87,7.73,7.85,7.79,7.79,7.87,7.78,7.44
Rwanda,CAIT,Total including LUCF,All GHG,MtCO₂e,7.59,7.56,7.32,6.84,5.94,5.23,5.24,4.84,4.98,-4.12,-4.31,-4.11,-4.36,-5.0,13.74,13.83,13.76,13.65,13.43,13.36,13.48,13.5,13.48,13.45,13.38
Gambia,CAIT,Total including LUCF,All GHG,MtCO₂e,7.44,7.17,6.96,6.87,6.83,6.54,6.25,6.03,5.92,5.6,5.48,5.17,5.04,4.98,4.9,4.8,4.46,4.31,4.21,4.1,3.95,3.8,3.69,3.58,3.44
Eritrea,CAIT,Total including LUCF,All GHG,MtCO₂e,7.42,7.34,7.28,7.16,6.9,6.88,6.93,7.07,6.94,7.08,7.11,7.12,7.02,7.12,7.88,7.84,7.8,7.92,7.61,7.29,7.14,7.02,7.28,N/A,N/A
Cyprus,CAIT,Total including LUCF,All GHG,MtCO₂e,6.72,6.63,7.64,8.19,8.42,8.7,8.97,8.79,8.42,8.66,8.47,8.57,7.74,7.51,7.66,7.32,7.07,6.56,6.49,6.17,6.28,6.08,5.9,5.54,4.99
Mauritius,CAIT,Total including LUCF,All GHG,MtCO₂e,5.83,5.66,5.55,5.42,5.4,5.12,5.14,5.03,4.89,4.71,4.5,4.47,4.3,4.22,3.9,3.58,3.07,2.8,2.72,2.56,2.51,2.44,2.29,2.2,2.11
Burundi,CAIT,Total including LUCF,All GHG,MtCO₂e,5.56,5.57,5.29,5.04,1.34,1.23,1.51,0.62,0.73,6.85,7.46,7.56,7.55,7.75,10.9,10.71,10.96,10.84,10.7,10.76,10.68,10.74,10.71,10.67,10.59
Lesotho,CAIT,Total including LUCF,All GHG,MtCO₂e,4.17,4.14,4.01,3.92,4.14,4.0,3.9,4.03,3.82,3.96,3.69,3.84,3.62,3.93,3.77,3.83,3.39,3.38,3.39,3.43,3.45,3.43,3.4,3.19,3.12
Liberia,CAIT,Total including LUCF,All GHG,MtCO₂e,3.51,3.5,3.67,3.36,16.91,16.81,16.59,16.6,16.64,16.6,16.43,16.34,16.27,16.27,16.2,16.16,16.13,16.06,16.01,15.98,15.97,15.99,15.99,15.99,16.23
Guinea-Bissau,CAIT,Total including LUCF,All GHG,MtCO₂e,3.5,3.45,3.51,3.34,3.31,3.16,3.11,3.08,3.15,3.64,3.68,3.81,3.72,3.71,3.1,3.38,3.05,2.87,2.84,2.87,2.84,2.82,2.8,2.77,2.76
Montenegro,CAIT,Total including LUCF,All GHG,MtCO₂e,3.43,3.45,3.58,3.72,-13.24,-13.89,-12.74,-13.13,-12.88,2.53,N/A,N/A,N/A,N/A,N/A,N/A,N/A,N/A,N/A,N/A,N/A,N/A,N/A,N/A,N/A
Barbados,CAIT,Total including LUCF,All GHG,MtCO₂e,3.36,3.55,3.56,3.57,3.6,3.69,3.69,3.42,3.42,3.32,3.27,3.23,3.18,3.18,3.14,3.15,3.07,2.82,2.77,2.73,2.62,2.96,2.8,3.0,2.84
Eswatini,CAIT,Total including LUCF,All GHG,MtCO₂e,3.21,3.15,3.22,2.99,3.03,2.87,3.19,3.17,2.82,2.9,2.89,2.84,2.87,2.89,2.99,3.04,3.08,3.0,2.15,2.22,2.21,1.85,2.15,2.17,2.22
Bahamas,CAIT,Total including LUCF,All GHG,MtCO₂e,3.1,3.61,2.65,2.69,6.86,6.88,6.86,6.91,6.88,1.11,1.16,0.78,0.87,0.86,0.55,0.53,0.54,0.2,0.5,0.51,0.51,0.51,0.6,0.59,0.76
Malta,CAIT,Total including LUCF,All GHG,MtCO₂e,2.97,2.98,3.28,3.12,3.11,2.99,3.09,3.24,3.06,3.16,3.02,3.01,2.7,2.86,2.48,2.75,2.69,2.78,2.62,2.66,2.79,3.08,2.43,2.46,2.55
Iceland,CAIT,Total including LUCF,All GHG,MtCO₂e,2.73,2.68,2.52,2.6,2.78,2.9,2.97,3.15,3.11,3.03,3.06,3.0,3.02,2.96,3.1,2.98,2.99,2.96,3.05,2.73,2.9,2.87,2.89,2.95,3.06
Solomon Islands,CAIT,Total including LUCF,All GHG,MtCO₂e,2.55,2.54,2.53,2.52,2.15,2.14,2.12,2.11,2.09,2.15,2.14,2.13,2.12,2.11,2.1,2.09,2.08,2.07,2.06,2.06,2.05,2.05,2.04,2.04,2.03
Costa Rica,CAIT,Total including LUCF,All GHG,MtCO₂e,2.53,2.46,2.03,1.94,5.23,5.4,5.51,5.42,4.02,3.87,3.22,3.02,2.63,2.82,16.11,16.3,16.52,15.82,15.77,15.94,16.34,15.91,15.87,14.76,14.5
Grenada,CAIT,Total including LUCF,All GHG,MtCO₂e,1.95,2.0,1.96,1.93,1.76,1.74,1.73,1.7,1.69,2.19,2.17,2.17,2.15,2.13,1.76,1.75,1.72,1.7,1.68,1.66,1.64,1.61,1.6,1.58,1.56
Latvia,CAIT,Total including LUCF,All GHG,MtCO₂e,1.84,1.8,1.72,1.88,0.66,-0.45,0.29,0.59,0.18,11.23,11.07,10.96,10.79,10.53,1.38,2.08,3.03,3.38,3.97,3.89,5.7,8.63,11.59,14.85,16.69
Djibouti,CAIT,Total including LUCF,All GHG,MtCO₂e,1.51,1.39,1.3,1.24,1.28,1.22,1.26,1.21,1.16,1.17,1.16,1.17,1.14,1.11,1.08,1.05,1.02,1.02,0.99,0.96,0.92,0.91,0.89,0.89,0.89
Maldives,CAIT,Total including LUCF,All GHG,MtCO₂e,1.43,1.18,1.2,1.07,1.02,0.96,0.92,0.86,0.83,0.67,0.74,0.57,0.66,0.52,0.51,0.48,0.36,0.39,0.34,0.3,0.25,0.25,0.28,0.2,0.22
Saint Lucia,CAIT,Total including LUCF,All GHG,MtCO₂e,1.17,1.17,1.17,1.16,1.34,1.32,1.33,1.31,1.29,1.05,1.03,1.03,0.99,1.04,0.98,0.97,0.95,0.99,1.0,0.97,0.9,0.84,0.81,0.77,0.75
Antigua and Barbuda,CAIT,Total including LUCF,All GHG,MtCO₂e,1.14,1.11,1.08,1.04,1.11,1.08,1.03,0.99,0.93,0.79,0.76,0.72,0.66,0.62,0.58,0.54,0.52,0.49,0.45,0.42,0.4,0.4,0.38,0.38,0.39
Vanuatu,CAIT,Total including LUCF,All GHG,MtCO₂e,0.72,0.66,0.66,0.67,0.63,0.62,0.62,0.62,0.5,0.51,0.5,0.51,0.5,0.5,0.5,0.52,0.52,0.52,0.51,0.49,0.48,0.48,0.45,0.44,0.42
Seychelles,CAIT,Total including LUCF,All GHG,MtCO₂e,0.56,0.47,0.51,0.41,0.51,0.59,0.76,0.71,0.8,0.75,0.8,0.61,0.6,0.7,0.64,0.57,0.5,0.4,0.3,0.26,0.26,0.24,0.23,0.23,0.21
Andorra,CAIT,Total including LUCF,All GHG,MtCO₂e,0.5,0.51,0.52,0.52,0.53,0.0,0.0,0.55,0.55,0.59,0.57,0.55,0.54,0.53,0.54,0.53,0.5,0.48,0.47,0.44,0.42,0.42,0.41,0.41,0.41
Cape Verde,CAIT,Total including LUCF,All GHG,MtCO₂e,0.48,0.49,0.49,0.6,0.72,0.68,0.62,0.64,0.59,0.62,0.5,0.47,0.43,0.39,-0.03,-0.06,-0.09,-0.11,-0.13,-0.12,-0.15,-0.13,-0.14,-0.18,-0.19
Samoa,CAIT,Total including LUCF,All GHG,MtCO₂e,0.47,0.47,0.47,0.49,-0.09,-0.09,-0.1,-0.1,-0.11,0.31,0.3,0.3,0.29,0.31,-1.66,-1.68,-1.69,-1.7,-1.7,-1.71,-1.71,-1.72,-1.72,-1.72,-1.72
Comoros,CAIT,Total including LUCF,All GHG,MtCO₂e,0.46,0.49,0.45,0.43,0.45,0.41,0.39,0.36,0.44,0.42,0.43,0.42,0.4,0.38,0.36,0.36,0.36,0.33,0.33,0.31,0.31,0.31,0.3,0.29,0.29
Palau,CAIT,Total including LUCF,All GHG,MtCO₂e,0.43,0.39,0.35,0.31,0.27,0.26,0.27,0.28,0.28,0.14,0.13,0.13,0.12,0.13,0.12,0.11,0.11,0.11,0.1,0.1,0.1,0.1,0.1,N/A,N/A
Saint Kitts and Nevis,CAIT,Total including LUCF,All GHG,MtCO₂e,0.39,0.38,0.37,0.34,0.42,0.42,0.42,0.41,0.39,0.26,0.28,0.26,0.26,0.24,0.23,0.21,0.2,0.19,0.18,0.17,0.16,0.16,0.15,0.15,0.15
Dominica,CAIT,Total including LUCF,All GHG,MtCO₂e,0.36,0.36,0.36,0.35,0.77,0.76,0.76,0.79,0.74,0.23,0.23,0.23,0.22,0.23,0.17,0.15,0.14,0.15,0.14,0.15,0.14,0.13,0.13,0.13,0.13
Tonga,CAIT,Total including LUCF,All GHG,MtCO₂e,0.33,0.32,0.31,0.29,-0.19,-0.17,-0.21,-0.22,-0.2,0.29,0.28,0.31,0.27,0.25,0.26,0.27,0.24,0.25,0.23,0.25,0.25,0.24,0.22,0.25,0.23
Saint Vincent and the Grenadines,CAIT,Total including LUCF,All GHG,MtCO₂e,0.29,0.29,0.34,0.28,0.47,0.56,0.48,0.48,0.47,0.24,0.24,0.22,0.21,0.21,0.12,0.14,0.13,0.1,0.1,0.1,0.09,0.07,0.05,0.04,0.05
Sao Tome and Principe,CAIT,Total including LUCF,All GHG,MtCO₂e,0.19,0.19,0.19,0.17,0.46,0.45,0.44,0.44,0.44,0.14,0.14,0.13,0.12,0.11,0.11,0.11,0.11,0.11,0.11,0.11,0.1,0.1,0.1,0.1,0.09
Niue,CAIT,Total including LUCF,All GHG,MtCO₂e,0.15,0.14,0.12,0.11,0.04,0.04,0.04,0.03,0.03,0.08,0.07,0.07,0.08,0.07,0.06,0.06,0.06,0.06,0.06,0.06,0.06,0.06,0.06,0.06,0.06
Micronesia,CAIT,Total including LUCF,All GHG,MtCO₂e,0.15,0.18,0.17,0.15,0.14,0.19,0.15,0.17,0.15,0.15,0.17,0.17,0.17,0.2,0.15,0.14,0.14,0.14,0.13,0.13,0.08,0.08,0.08,N/A,N/A
Marshall Islands,CAIT,Total including LUCF,All GHG,MtCO₂e,0.14,0.14,0.14,0.14,0.14,0.14,0.13,0.13,0.12,0.11,0.12,0.11,0.11,0.11,0.1,0.09,0.1,0.09,0.09,0.09,0.09,0.09,0.08,N/A,N/A
Cook Islands,CAIT,Total including LUCF,All GHG,MtCO₂e,0.11,0.11,0.11,0.11,0.06,0.06,0.06,0.06,0.06,0.1,0.09,0.07,0.07,0.07,0.05,0.05,0.05,0.05,0.05,0.05,0.04,0.04,0.04,0.04,0.04
Kiribati,CAIT,Total including LUCF,All GHG,MtCO₂e,0.08,0.08,0.08,0.08,0.08,0.06,0.07,0.07,0.08,0.07,0.06,0.05,0.05,0.04,0.04,0.04,0.04,0.03,0.04,0.04,0.04,0.04,0.03,0.03,0.03
Liechtenstein,CAIT,Total including LUCF,All GHG,MtCO₂e,0.07,0.08,0.08,0.08,0.08,0.08,0.09,0.09,N/A,N/A,N/A,N/A,N/A,N/A,N/A,N/A,N/A,N/A,N/A,N/A,N/A,N/A,N/A,N/A,N/A
Nauru,CAIT,Total including LUCF,All GHG,MtCO₂e,0.05,0.05,0.05,0.05,0.05,0.05,0.05,0.05,0.05,0.07,0.07,0.07,0.08,0.09,0.09,0.1,0.1,0.11,0.11,0.11,0.11,0.12,0.12,0.13,0.13
Tuvalu,CAIT,Total including LUCF,All GHG,MtCO₂e,0.02,0.02,0.02,0.02,0.02,0.02,0.02,0.02,0.02,0.02,0.02,0.02,0.02,0.02,0.02,0.02,0.02,0.02,0.02,0.02,0.02,0.02,0.02,0.02,0.02
Fiji,CAIT,Total including LUCF,All GHG,MtCO₂e,-0.77,-0.8,-0.9,-0.88,2.87,2.46,2.57,2.81,2.85,0.07,0.34,-0.01,-0.11,0.07,0.18,0.15,0.18,0.22,0.24,0.19,0.12,0.08,0.01,-0.07,0.06
Bhutan,CAIT,Total including LUCF,All GHG,MtCO₂e,-2.26,-2.31,-2.38,-2.49,-1.83,-1.96,-1.94,-1.84,-1.93,-3.38,-3.52,-3.46,-3.43,-3.44,-3.1,-3.04,-3.09,-3.1,-3.19,-3.22,-3.31,-3.34,-3.31,-3.31,-3.36
Chile,CAIT,Total including LUCF,All GHG,MtCO₂e,-7.79,-1.56,-5.17,-7.55,83.48,79.05,82.09,77.85,69.7,68.91,67.7,61.94,60.65,59.52,55.66,59.71,57.6,56.99,50.12,44.01,40.52,36.96,35.63,33.27,34.3
Romania,CAIT,Total including LUCF,All GHG,MtCO₂e,-54.98,-54.13,-43.77,-41.53,111.86,115.36,131.54,132.72,133.98,134.88,135.9,138.78,132.37,134.04,130.77,128.81,144.7,160.29,171.7,169.54,166.64,171.1,183.43,202.79,239.36
Gabon,CAIT,Total including LUCF,All GHG,MtCO₂e,-86.9,-86.64,-86.76,-87.04,6.55,5.97,5.99,5.86,5.8,6.36,6.19,6.08,5.97,6.19,6.31,6.77,7.17,7.35,7.51,7.7,7.52,7.77,7.64,7.35,7.11
